{"cameraMode":{"drawMode":0,"name":"Shaded","section":"Shading Mode"},"sceneLighting":true,"audioPlay":false,"sceneViewState":{"m_AlwaysRefresh":false,"showFog":false,"showSkybox":false,"showFlares":false,"showImageEffects":false,"showParticleSystems":false,"showVisualEffectGraphs":true,"m_FxEnabled":true},"in2DMode":false,"pivot":{"x":561.1397705078125,"y":362.7738037109375,"z":10.972813606262207},"rotation":{"x":-0.08570069074630737,"y":-0.009865239262580872,"z":0.0008485416765324771,"w":-0.9962719678878784},"size":442.4448547363281,"orthographic":false}